step, sample, const_npv, const_err, const_time, npv, err time,
100,100000,4.90686,0.0143121,504808,4.90583,0.0143069,2.74445e+06
